{
  "integrations": [
    {
      "id": "71a70382-a64c-412a-bc3d-c6ef94eb73eb",
      "name": "Inbound from NNMi",
      "action": "CREATE_EVENT",
      "type": "INBOUND_WEBHOOK",
      "deployed": true,
      "form": "a71351b9-762a-4469-b8ac-f530ea682c6b",
      "script": "var payload = JSON.parse( request.body ); \n\n\nproperties = payload.properties;\n\nproperties.category\t\t= (properties.category ? [ properties.category ] : [] );\nproperties.family\t\t= (properties.family ?   [ properties.family ]   : [] );\nproperties.nature\t\t= (properties.nature ?   [ properties.nature ]   : [] );\nproperties.origin\t\t= (properties.origin ?   [ properties.origin ]   : [] );\nproperties.priority\t\t= (properties.priority ? [ properties.priority ] : [] );\nproperties.severity\t\t= (properties.severity ? [ properties.severity ] : [] );\nproperties.lifecyclestate\t= (properties.lifecyclestate ? [ properties.lifecyclestate ] : [] );\n     \npayload.properties = properties;\n\n/*\nif( \"ConnectionDown\".equals( payload.properties.name ) ){\n  payload.recipients = [ \"Operations\" ];\n}\n*/\n\nform.post( payload );\n",
      "environment": "HOSTED"
    },
    {
      "id": "f836aada-b5ea-46b2-b014-3e96f153def4",
      "name": "New Incident - Device Delivery",
      "action": "SEND_TO_IA",
      "type": "OUTBOUND_WEBHOOK",
      "triggeredBy": "DELIVERYSTATUS",
      "integrationAgentId": "lab-nnmi1.mjm.com/10.1.88.78:8081",
      "integrationServiceName": "hpnnmi",
      "deployed": true,
      "form": "a71351b9-762a-4469-b8ac-f530ea682c6b",
      "environment": "ONPREMISE"
    },
    {
      "id": "d04b4095-16a5-41e1-82d6-c3b1b79d538f",
      "name": "New Incident - Event Status",
      "action": "SEND_TO_IA",
      "type": "OUTBOUND_WEBHOOK",
      "triggeredBy": "STATUS",
      "integrationServiceName": "hpnnmi",
      "deployed": true,
      "form": "a71351b9-762a-4469-b8ac-f530ea682c6b",
      "environment": "ONPREMISE"
    },
    {
      "id": "9decc9a9-cfc6-4170-a6fe-2061b8b1f05a",
      "name": "New Incident - Responses",
      "action": "SEND_TO_IA",
      "type": "OUTBOUND_WEBHOOK",
      "triggeredBy": "RESPONSE",
      "integrationAgentId": "lab-nnmi1.mjm.com/10.1.88.78:8081",
      "integrationServiceName": "hpnnmi",
      "deployed": true,
      "form": "a71351b9-762a-4469-b8ac-f530ea682c6b",
      "environment": "ONPREMISE"
    }
  ],
  "endpoints": [],
  "constants": []
}