[
  {
    "baseType": 22,
    "name": "category",
    "description": "",
    "helpText": "",
    "isSystem": false,
    "values": [
      {
        "value": "com.hp.nms.incident.category.Fault",
        "isDefault": false,
        "isVisible": true
      },
      {
        "value": "com.hp.nms.incident.category.Status",
        "isDefault": false,
        "isVisible": true
      },
      {
        "value": "com.hp.nms.incident.category.Config",
        "isDefault": false,
        "isVisible": true
      },
      {
        "value": "com.hp.nms.incident.category.Accounting",
        "isDefault": false,
        "isVisible": true
      },
      {
        "value": "com.hp.nms.incident.category.Performance",
        "isDefault": false,
        "isVisible": true
      },
      {
        "value": "com.hp.nms.incident.category.Security",
        "isDefault": false,
        "isVisible": true
      },
      {
        "value": "com.hp.nms.incident.category.Alert",
        "isDefault": false,
        "isVisible": true
      }
    ]
  },
  {
    "baseType": 3,
    "name": "com.hp.ov.nms.apa.symptom",
    "defaultValue": "",
    "description": "",
    "helpText": "",
    "isSystem": false,
    "minLength": 0,
    "maxLength": 100,
    "validationRegex": "",
    "isValidate": false
  },
  {
    "baseType": 3,
    "name": "created",
    "defaultValue": "",
    "description": "",
    "helpText": "",
    "isSystem": false,
    "minLength": 0,
    "maxLength": 100,
    "validationRegex": "",
    "isValidate": false
  },
  {
    "baseType": 3,
    "name": "duplicatecount",
    "defaultValue": "",
    "description": "",
    "helpText": "",
    "isSystem": false,
    "minLength": 0,
    "maxLength": 30,
    "validationRegex": "",
    "isValidate": false
  },
  {
    "baseType": 22,
    "name": "family",
    "description": "",
    "helpText": "",
    "isSystem": false,
    "values": [
      {
        "value": "com.hp.nms.incident.family.Address",
        "isDefault": false,
        "isVisible": true
      },
      {
        "value": "com.hp.nms.incident.family.Interface",
        "isDefault": false,
        "isVisible": true
      },
      {
        "value": "com.hp.nms.incident.family.Node",
        "isDefault": false,
        "isVisible": true
      },
      {
        "value": "com.hp.nms.incident.family.OSPF",
        "isDefault": false,
        "isVisible": true
      },
      {
        "value": "com.hp.nms.incident.family.HSRP",
        "isDefault": false,
        "isVisible": true
      },
      {
        "value": "com.hp.nms.incident.family.AggregatePort",
        "isDefault": false,
        "isVisible": true
      },
      {
        "value": "com.hp.nms.incident.family.Board",
        "isDefault": false,
        "isVisible": true
      },
      {
        "value": "com.hp.nms.incident.family.Connection",
        "isDefault": false,
        "isVisible": true
      },
      {
        "value": "com.hp.nms.incident.family.Correlation",
        "isDefault": false,
        "isVisible": true
      }
    ]
  },
  {
    "baseType": 3,
    "name": "firstoccurrencetime",
    "defaultValue": "",
    "description": "",
    "helpText": "",
    "isSystem": false,
    "minLength": 0,
    "maxLength": 100,
    "validationRegex": "",
    "isValidate": false
  },
  {
    "baseType": 3,
    "name": "formattedmessage",
    "defaultValue": "",
    "description": "",
    "helpText": "",
    "isSystem": false,
    "minLength": 0,
    "maxLength": 100,
    "validationRegex": "",
    "isValidate": false
  },
  {
    "baseType": 3,
    "name": "fyi",
    "defaultValue": "",
    "description": "",
    "helpText": "",
    "isSystem": false,
    "minLength": 0,
    "maxLength": 30,
    "validationRegex": "",
    "isValidate": false
  },
  {
    "baseType": 3,
    "name": "id",
    "defaultValue": "",
    "description": "",
    "helpText": "",
    "isSystem": false,
    "minLength": 0,
    "maxLength": 50,
    "validationRegex": "",
    "isValidate": false
  },
  {
    "baseType": 3,
    "name": "incident_id",
    "defaultValue": "",
    "description": "",
    "helpText": "",
    "isSystem": false,
    "minLength": 0,
    "maxLength": 50,
    "validationRegex": "",
    "isValidate": false
  },
  {
    "baseType": 3,
    "name": "incidentresent",
    "defaultValue": "",
    "description": "",
    "helpText": "",
    "isSystem": false,
    "minLength": 0,
    "maxLength": 30,
    "validationRegex": "",
    "isValidate": false
  },
  {
    "baseType": 3,
    "name": "lastoccurrencetime",
    "defaultValue": "",
    "description": "",
    "helpText": "",
    "isSystem": false,
    "minLength": 0,
    "maxLength": 100,
    "validationRegex": "",
    "isValidate": false
  },
  {
    "baseType": 22,
    "name": "lifecyclestate",
    "description": "",
    "helpText": "",
    "isSystem": false,
    "values": [
      {
        "value": "com.hp.nms.incident.lifecycle.Registered",
        "isDefault": false,
        "isVisible": true
      },
      {
        "value": "com.hp.nms.incident.lifecycle.InProgress",
        "isDefault": false,
        "isVisible": true
      },
      {
        "value": "com.hp.nms.incident.lifecycle.Completed",
        "isDefault": false,
        "isVisible": true
      },
      {
        "value": "com.hp.nms.incident.lifecycle.Closed",
        "isDefault": false,
        "isVisible": true
      }
    ]
  },
  {
    "baseType": 3,
    "name": "name",
    "defaultValue": "",
    "description": "",
    "helpText": "",
    "isSystem": false,
    "minLength": 0,
    "maxLength": 30,
    "validationRegex": "",
    "isValidate": false
  },
  {
    "baseType": 22,
    "name": "nature",
    "description": "",
    "helpText": "",
    "isSystem": false,
    "values": [
      {
        "value": "ROOTCAUSE",
        "isDefault": false,
        "isVisible": true
      },
      {
        "value": "SECONDARYROOTCAUSE",
        "isDefault": false,
        "isVisible": true
      },
      {
        "value": "SYMPTOM",
        "isDefault": false,
        "isVisible": true
      },
      {
        "value": "SERVICEIMPACT",
        "isDefault": false,
        "isVisible": true
      },
      {
        "value": "STREAMCORRELATION",
        "isDefault": false,
        "isVisible": true
      },
      {
        "value": "NONE",
        "isDefault": false,
        "isVisible": true
      }
    ]
  },
  {
    "baseType": 22,
    "name": "origin",
    "description": "",
    "helpText": "",
    "isSystem": false,
    "values": [
      {
        "value": "MANAGEMENTSOFTWARE",
        "isDefault": false,
        "isVisible": true
      },
      {
        "value": "MANUALLYCREATED",
        "isDefault": false,
        "isVisible": true
      },
      {
        "value": "REMOTELYGENERATED",
        "isDefault": false,
        "isVisible": true
      },
      {
        "value": "SNMPTRAP",
        "isDefault": false,
        "isVisible": true
      },
      {
        "value": "SYSLOG",
        "isDefault": false,
        "isVisible": true
      },
      {
        "value": "OTHER",
        "isDefault": false,
        "isVisible": true
      }
    ]
  },
  {
    "baseType": 3,
    "name": "originoccurrencetime",
    "defaultValue": "",
    "description": "",
    "helpText": "",
    "isSystem": false,
    "minLength": 0,
    "maxLength": 50,
    "validationRegex": "",
    "isValidate": false
  },
  {
    "baseType": 3,
    "name": "previouslifecyclestate",
    "defaultValue": "",
    "description": "",
    "helpText": "",
    "isSystem": false,
    "minLength": 0,
    "maxLength": 30,
    "validationRegex": "",
    "isValidate": false
  },
  {
    "baseType": 3,
    "name": "previousrcaactive",
    "defaultValue": "",
    "description": "",
    "helpText": "",
    "isSystem": false,
    "minLength": 0,
    "maxLength": 30,
    "validationRegex": "",
    "isValidate": false
  },
  {
    "baseType": 22,
    "name": "priority",
    "description": "",
    "helpText": "",
    "isSystem": false,
    "values": [
      {
        "value": "om.hp.nms.incident.priority.Low",
        "isDefault": false,
        "isVisible": true
      },
      {
        "value": "com.hp.nms.incident.priority.Medium",
        "isDefault": false,
        "isVisible": true
      },
      {
        "value": "com.hp.nms.incident.priority.High",
        "isDefault": false,
        "isVisible": true
      },
      {
        "value": "com.hp.nms.incident.priority.Top",
        "isDefault": false,
        "isVisible": true
      },
      {
        "value": "com.hp.nms.incident.priority.None",
        "isDefault": false,
        "isVisible": true
      }
    ]
  },
  {
    "baseType": 0,
    "name": "rcaactive",
    "description": "",
    "helpText": "",
    "isSystem": false
  },
  {
    "baseType": 22,
    "name": "severity",
    "description": "",
    "helpText": "",
    "isSystem": false,
    "values": [
      {
        "value": "NORMAL",
        "isDefault": false,
        "isVisible": true
      },
      {
        "value": "WARNING",
        "isDefault": false,
        "isVisible": true
      },
      {
        "value": "MINOR",
        "isDefault": false,
        "isVisible": true
      },
      {
        "value": "MAJOR",
        "isDefault": false,
        "isVisible": true
      },
      {
        "value": "CRITICAL",
        "isDefault": false,
        "isVisible": true
      }
    ]
  },
  {
    "baseType": 3,
    "name": "sourcenodelongname",
    "defaultValue": "",
    "description": "",
    "helpText": "",
    "isSystem": false,
    "minLength": 0,
    "maxLength": 100,
    "validationRegex": "",
    "isValidate": false
  },
  {
    "baseType": 3,
    "name": "sourceNodeName",
    "defaultValue": "",
    "description": "",
    "helpText": "",
    "isSystem": false,
    "minLength": 0,
    "maxLength": 200,
    "validationRegex": "",
    "isValidate": false
  },
  {
    "baseType": 3,
    "name": "sourcenodeuuid",
    "defaultValue": "",
    "description": "",
    "helpText": "",
    "isSystem": false,
    "minLength": 0,
    "maxLength": 50,
    "validationRegex": "",
    "isValidate": false
  },
  {
    "baseType": 3,
    "name": "sourceobjectname",
    "defaultValue": "",
    "description": "",
    "helpText": "",
    "isSystem": false,
    "minLength": 0,
    "maxLength": 100,
    "validationRegex": "",
    "isValidate": false
  },
  {
    "baseType": 3,
    "name": "sourceuuid",
    "defaultValue": "",
    "description": "",
    "helpText": "",
    "isSystem": false,
    "minLength": 0,
    "maxLength": 50,
    "validationRegex": "",
    "isValidate": false
  },
  {
    "baseType": 3,
    "name": "updatetime",
    "defaultValue": "",
    "description": "",
    "helpText": "",
    "isSystem": false,
    "minLength": 0,
    "maxLength": 100,
    "validationRegex": "",
    "isValidate": false
  },
  {
    "baseType": 3,
    "name": "uuid",
    "defaultValue": "",
    "description": "",
    "helpText": "",
    "isSystem": false,
    "minLength": 0,
    "maxLength": 50,
    "validationRegex": "",
    "isValidate": false
  }
]