{
  "integrations": [
    {
      "id": "168dc8b4-0c8f-4050-a205-7dc884d1e706",
      "name": "Inbound from NNMi",
      "action": "CREATE_EVENT",
      "type": "INBOUND_WEBHOOK",
      "deployed": true,
      "form": "b2d07fa2-b9ea-4d21-b8a9-c08c3efad97f",
      "script": "var payload = JSON.parse( request.body ); \n\n\nproperties = payload.properties;\n\nproperties.category\t\t= (properties.category ? [ properties.category ] : [] );\nproperties.family\t\t= (properties.family ?   [ properties.family ]   : [] );\nproperties.nature\t\t= (properties.nature ?   [ properties.nature ]   : [] );\nproperties.origin\t\t= (properties.origin ?   [ properties.origin ]   : [] );\nproperties.priority\t\t= (properties.priority ? [ properties.priority ] : [] );\nproperties.severity\t\t= (properties.severity ? [ properties.severity ] : [] );\nproperties.lifecyclestate\t= (properties.lifecyclestate ? [ properties.lifecyclestate ] : [] );\n     \npayload.properties = properties;\n\n/*\nif( \"ConnectionDown\".equals( payload.properties.name ) ){\n  payload.recipients = [ \"Operations\" ];\n}\n*/\n\nform.post( payload );\n",
      "environment": "HOSTED"
    },
    {
      "id": "afffb78e-503d-48cb-9112-54e56044d9fb",
      "name": "New Incident - Device Delivery",
      "action": "SEND_TO_IA",
      "type": "OUTBOUND_WEBHOOK",
      "triggeredBy": "DELIVERYSTATUS",
      "integrationAgentId": "",
      "integrationServiceName": "hpnnmi",
      "deployed": true,
      "form": "b2d07fa2-b9ea-4d21-b8a9-c08c3efad97f",
      "environment": "ONPREMISE"
    },
    {
      "id": "c4e598a6-1b4e-46a7-ba0b-617aea9ad483",
      "name": "New Incident - Event Status",
      "action": "SEND_TO_IA",
      "type": "OUTBOUND_WEBHOOK",
      "triggeredBy": "STATUS",
      "integrationServiceName": "hpnnmi",
      "deployed": true,
      "form": "b2d07fa2-b9ea-4d21-b8a9-c08c3efad97f",
      "environment": "ONPREMISE"
    },
    {
      "id": "351e5e08-069f-4f46-a7e9-0d30685bcdc4",
      "name": "New Incident - Responses",
      "action": "SEND_TO_IA",
      "type": "OUTBOUND_WEBHOOK",
      "triggeredBy": "RESPONSE",
      "integrationAgentId": "",
      "integrationServiceName": "hpnnmi",
      "deployed": true,
      "form": "b2d07fa2-b9ea-4d21-b8a9-c08c3efad97f",
      "environment": "ONPREMISE"
    }
  ],
  "endpoints": [],
  "constants": []
}